-- MySQL dump 10.13  Distrib 8.0.44, for Win64 (x86_64)
--
-- Host: localhost    Database: realproperty_db
-- ------------------------------------------------------
-- Server version	8.0.44

/*!40101 SET @OLD_CHARACTER_SET_CLIENT=@@CHARACTER_SET_CLIENT */;
/*!40101 SET @OLD_CHARACTER_SET_RESULTS=@@CHARACTER_SET_RESULTS */;
/*!40101 SET @OLD_COLLATION_CONNECTION=@@COLLATION_CONNECTION */;
/*!50503 SET NAMES utf8 */;
/*!40103 SET @OLD_TIME_ZONE=@@TIME_ZONE */;
/*!40103 SET TIME_ZONE='+00:00' */;
/*!40014 SET @OLD_UNIQUE_CHECKS=@@UNIQUE_CHECKS, UNIQUE_CHECKS=0 */;
/*!40014 SET @OLD_FOREIGN_KEY_CHECKS=@@FOREIGN_KEY_CHECKS, FOREIGN_KEY_CHECKS=0 */;
/*!40101 SET @OLD_SQL_MODE=@@SQL_MODE, SQL_MODE='NO_AUTO_VALUE_ON_ZERO' */;
/*!40111 SET @OLD_SQL_NOTES=@@SQL_NOTES, SQL_NOTES=0 */;

--
-- Table structure for table `activity_log`
--

DROP TABLE IF EXISTS `activity_log`;
/*!40101 SET @saved_cs_client     = @@character_set_client */;
/*!50503 SET character_set_client = utf8mb4 */;
CREATE TABLE `activity_log` (
  `id` int NOT NULL AUTO_INCREMENT,
  `user_id` int DEFAULT NULL,
  `action` varchar(100) DEFAULT NULL,
  `table_name` varchar(50) DEFAULT NULL,
  `record_id` int DEFAULT NULL,
  `description` text,
  `ip_address` varchar(45) DEFAULT NULL,
  `created_at` timestamp NULL DEFAULT CURRENT_TIMESTAMP,
  PRIMARY KEY (`id`),
  KEY `user_id` (`user_id`),
  CONSTRAINT `activity_log_ibfk_1` FOREIGN KEY (`user_id`) REFERENCES `users` (`id`)
) ENGINE=InnoDB AUTO_INCREMENT=500 DEFAULT CHARSET=utf8mb4 COLLATE=utf8mb4_0900_ai_ci;
/*!40101 SET character_set_client = @saved_cs_client */;

--
-- Dumping data for table `activity_log`
--

LOCK TABLES `activity_log` WRITE;
/*!40000 ALTER TABLE `activity_log` DISABLE KEYS */;
INSERT INTO `activity_log` VALUES (126,1,'CREATE','faas_records',64,'Created FAAS record TEST-ARF-NO.562',NULL,'2026-02-03 02:22:29'),(127,1,'SUBMIT','faas_records',64,'Submitted FAAS record TEST-ARF-NO.562 for approval',NULL,'2026-02-03 02:22:29'),(128,1,'CREATE','faas_records',66,'Created FAAS record TEST-ARF-NO.563 as draft',NULL,'2026-02-03 02:24:36'),(129,1,'UPDATE','faas_records',64,'Saved FAAS record TEST-ARF-NO.562 as draft (withdrawn from pending)',NULL,'2026-02-03 02:59:02'),(130,1,'UPDATE','faas_records',64,'Saved FAAS record TEST-ARF-NO.562 as draft',NULL,'2026-02-03 02:59:13'),(131,1,'UPDATE','faas_records',64,'Saved FAAS record TEST-ARF-NO.562 as draft',NULL,'2026-02-03 02:59:16'),(132,1,'SUBMIT','faas_records',64,'Submitted FAAS record TEST-ARF-NO.562 for approval',NULL,'2026-02-03 02:59:51'),(133,1,'SUBMIT','faas_records',66,'Submitted FAAS record TEST-ARF-NO.563 for approval',NULL,'2026-02-03 03:00:37'),(134,1,'UPDATE','faas_records',66,'Saved FAAS record TEST-ARF-NO.563 as draft (withdrawn from pending)',NULL,'2026-02-03 06:18:40'),(135,3,'APPROVE','faas_records',64,'Approved FAAS record 64',NULL,'2026-02-03 08:22:54'),(136,3,'CREATE','faas_records',67,'Created FAAS record TEST-ARF-NO.5623',NULL,'2026-02-03 08:26:33'),(137,3,'SUBMIT','faas_records',67,'Submitted FAAS record TEST-ARF-NO.5623 for approval',NULL,'2026-02-03 08:26:33'),(138,3,'CREATE','faas_records',68,'Created FAAS record TEST-ARF-NO.562',NULL,'2026-02-04 06:22:56'),(139,3,'SUBMIT','faas_records',68,'Submitted FAAS record TEST-ARF-NO.562 for approval',NULL,'2026-02-04 06:22:56'),(140,3,'CREATE','faas_records',69,'Created FAAS record TEST-ARF-NO.5623',NULL,'2026-02-04 06:23:46'),(141,3,'SUBMIT','faas_records',69,'Submitted FAAS record TEST-ARF-NO.5623 for approval',NULL,'2026-02-04 06:23:47'),(142,3,'CREATE','faas_records',70,'Created FAAS record TEST-ARF-NO. 11',NULL,'2026-02-04 08:07:31'),(143,3,'SUBMIT','faas_records',70,'Submitted FAAS record TEST-ARF-NO. 11 for approval',NULL,'2026-02-04 08:07:31'),(144,3,'CREATE','faas_records',71,'Created FAAS record TEST-ARF-NO.5155',NULL,'2026-02-05 01:20:18'),(145,3,'SUBMIT','faas_records',71,'Submitted FAAS record TEST-ARF-NO.5155 for approval',NULL,'2026-02-05 01:20:18'),(146,3,'CREATE','faas_records',72,'Created FAAS record TEST-ARF-NO.69',NULL,'2026-02-05 01:31:18'),(147,3,'SUBMIT','faas_records',72,'Submitted FAAS record TEST-ARF-NO.69 for approval',NULL,'2026-02-05 01:31:18'),(148,3,'CREATE','faas_records',73,'Created FAAS record TEST-ARF-NO.14',NULL,'2026-02-05 01:34:10'),(149,3,'SUBMIT','faas_records',73,'Submitted FAAS record TEST-ARF-NO.14 for approval',NULL,'2026-02-05 01:34:10'),(150,3,'CREATE','faas_records',74,'Created FAAS record TEST-ARF-NO.76',NULL,'2026-02-05 02:01:00'),(151,3,'SUBMIT','faas_records',74,'Submitted FAAS record TEST-ARF-NO.76 for approval',NULL,'2026-02-05 02:01:00'),(152,3,'CREATE','faas_records',75,'Created FAAS record TEST-ARF-NO.76',NULL,'2026-02-05 02:07:26'),(153,3,'SUBMIT','faas_records',75,'Submitted FAAS record TEST-ARF-NO.76 for approval',NULL,'2026-02-05 02:07:26'),(154,3,'CREATE','faas_records',76,'Created FAAS record TEST-ARF-NO. 11',NULL,'2026-02-05 02:11:31'),(155,3,'SUBMIT','faas_records',76,'Submitted FAAS record TEST-ARF-NO. 11 for approval',NULL,'2026-02-05 02:11:31'),(156,3,'CREATE','faas_records',77,'Created FAAS record TEST-ARF-NO.563',NULL,'2026-02-05 02:13:49'),(157,3,'SUBMIT','faas_records',77,'Submitted FAAS record TEST-ARF-NO.563 for approval',NULL,'2026-02-05 02:13:49'),(158,3,'CREATE','faas_records',78,'Created FAAS record TEST-ARF-NO.5',NULL,'2026-02-05 02:17:21'),(159,3,'SUBMIT','faas_records',78,'Submitted FAAS record TEST-ARF-NO.5 for approval',NULL,'2026-02-05 02:17:21'),(160,3,'CREATE','faas_records',79,'Created FAAS record TEST-ARF-NO.5622',NULL,'2026-02-05 02:20:39'),(161,3,'SUBMIT','faas_records',79,'Submitted FAAS record TEST-ARF-NO.5622 for approval',NULL,'2026-02-05 02:20:39'),(162,3,'CREATE','faas_records',80,'Created FAAS record TEST-ARF-NO.56226',NULL,'2026-02-05 02:24:23'),(163,3,'SUBMIT','faas_records',80,'Submitted FAAS record TEST-ARF-NO.56226 for approval',NULL,'2026-02-05 02:24:23'),(164,3,'CREATE','faas_records',81,'Created FAAS record TEST-ARF-NO.56226',NULL,'2026-02-05 02:32:12'),(165,3,'SUBMIT','faas_records',81,'Submitted FAAS record TEST-ARF-NO.56226 for approval',NULL,'2026-02-05 02:32:12'),(166,3,'CREATE','faas_records',82,'Created FAAS record TEST-ARF-NO.562261',NULL,'2026-02-05 02:37:12'),(167,3,'SUBMIT','faas_records',82,'Submitted FAAS record TEST-ARF-NO.562261 for approval',NULL,'2026-02-05 02:37:12'),(168,3,'CREATE','faas_records',83,'Created FAAS record TEST-ARF-NO.562261',NULL,'2026-02-05 04:47:01'),(169,3,'SUBMIT','faas_records',83,'Submitted FAAS record TEST-ARF-NO.562261 for approval',NULL,'2026-02-05 04:47:01'),(170,3,'CREATE','faas_records',84,'Created FAAS record TEST-ARF-NO.562261',NULL,'2026-02-05 05:18:37'),(171,3,'SUBMIT','faas_records',84,'Submitted FAAS record TEST-ARF-NO.562261 for approval',NULL,'2026-02-05 05:18:37'),(172,3,'CREATE','faas_records',85,'Created FAAS record 9999',NULL,'2026-02-05 06:14:03'),(173,3,'SUBMIT','faas_records',85,'Submitted FAAS record 9999 for approval',NULL,'2026-02-05 06:14:03'),(174,3,'CREATE','faas_records',86,'Created FAAS record 111111',NULL,'2026-02-05 06:22:43'),(175,3,'SUBMIT','faas_records',86,'Submitted FAAS record 111111 for approval',NULL,'2026-02-05 06:22:43'),(176,3,'CREATE','faas_records',87,'Created FAAS record 1111112',NULL,'2026-02-05 06:28:34'),(177,3,'SUBMIT','faas_records',87,'Submitted FAAS record 1111112 for approval',NULL,'2026-02-05 06:28:34'),(178,3,'CREATE','faas_records',88,'Created FAAS record 11111121',NULL,'2026-02-05 06:38:25'),(179,3,'SUBMIT','faas_records',88,'Submitted FAAS record 11111121 for approval',NULL,'2026-02-05 06:38:25'),(180,3,'CREATE','faas_records',89,'Created FAAS record 111111214',NULL,'2026-02-05 06:45:05'),(181,3,'SUBMIT','faas_records',89,'Submitted FAAS record 111111214 for approval',NULL,'2026-02-05 06:45:05'),(182,3,'CREATE','faas_records',90,'Created FAAS record TEST-ARF-NO. 116',NULL,'2026-02-05 06:48:14'),(183,3,'SUBMIT','faas_records',90,'Submitted FAAS record TEST-ARF-NO. 116 for approval',NULL,'2026-02-05 06:48:14'),(184,3,'CREATE','faas_records',91,'Created FAAS record TEST-ARF-NO.562',NULL,'2026-02-05 06:51:47'),(185,3,'SUBMIT','faas_records',91,'Submitted FAAS record TEST-ARF-NO.562 for approval',NULL,'2026-02-05 06:51:47'),(186,3,'CREATE','faas_records',92,'Created FAAS record TEST-ARF-NO. 11',NULL,'2026-02-05 06:56:06'),(187,3,'SUBMIT','faas_records',92,'Submitted FAAS record TEST-ARF-NO. 11 for approval',NULL,'2026-02-05 06:56:06'),(188,3,'CREATE','faas_records',93,'Created FAAS record TEST-ARF-NO.2',NULL,'2026-02-05 06:56:50'),(189,3,'SUBMIT','faas_records',93,'Submitted FAAS record TEST-ARF-NO.2 for approval',NULL,'2026-02-05 06:56:50'),(190,3,'APPROVE','faas_records',93,'Approved FAAS record 93',NULL,'2026-02-05 06:57:11'),(191,3,'APPROVE','faas_records',91,'Approved FAAS record 91',NULL,'2026-02-05 06:57:32'),(192,3,'CREATE','faas_records',94,'Created FAAS record TEST-ARF-NO.2222',NULL,'2026-02-05 07:06:54'),(193,3,'SUBMIT','faas_records',94,'Submitted FAAS record TEST-ARF-NO.2222 for approval',NULL,'2026-02-05 07:06:54'),(194,3,'CREATE','faas_records',95,'Created FAAS record 808080',NULL,'2026-02-05 07:49:44'),(195,3,'SUBMIT','faas_records',95,'Submitted FAAS record 808080 for approval',NULL,'2026-02-05 07:49:44'),(196,3,'CREATE','faas_records',96,'Created FAAS record 8888888',NULL,'2026-02-05 07:50:15'),(197,3,'SUBMIT','faas_records',96,'Submitted FAAS record 8888888 for approval',NULL,'2026-02-05 07:50:15'),(198,3,'CREATE','faas_records',97,'Created FAAS record TEST-ARF-NO. 1155',NULL,'2026-02-05 07:59:08'),(199,3,'SUBMIT','faas_records',97,'Submitted FAAS record TEST-ARF-NO. 1155 for approval',NULL,'2026-02-05 07:59:08'),(200,3,'CREATE','faas_records',98,'Created FAAS record 11111',NULL,'2026-02-05 08:02:25'),(201,3,'SUBMIT','faas_records',98,'Submitted FAAS record 11111 for approval',NULL,'2026-02-05 08:02:25'),(202,3,'CREATE','faas_records',99,'Created FAAS record 4334',NULL,'2026-02-05 08:39:40'),(203,3,'SUBMIT','faas_records',99,'Submitted FAAS record 4334 for approval',NULL,'2026-02-05 08:39:40'),(204,3,'CREATE','faas_records',100,'Created FAAS record 555',NULL,'2026-02-05 08:42:55'),(205,3,'SUBMIT','faas_records',100,'Submitted FAAS record 555 for approval',NULL,'2026-02-05 08:42:55'),(206,3,'CREATE','faas_records',101,'Created FAAS record 156',NULL,'2026-02-05 08:46:18'),(207,3,'SUBMIT','faas_records',101,'Submitted FAAS record 156 for approval',NULL,'2026-02-05 08:46:18'),(208,3,'CREATE','faas_records',102,'Created FAAS record 5753',NULL,'2026-02-05 08:53:07'),(209,3,'SUBMIT','faas_records',102,'Submitted FAAS record 5753 for approval',NULL,'2026-02-05 08:53:07'),(210,3,'CREATE','faas_records',103,'Created FAAS record TEST-ARF-NO.562',NULL,'2026-02-06 02:31:29'),(211,3,'SUBMIT','faas_records',103,'Submitted FAAS record TEST-ARF-NO.562 for approval',NULL,'2026-02-06 02:31:29'),(212,3,'CREATE','faas_records',104,'Created FAAS record TEST-ARF-NO.5622',NULL,'2026-02-06 02:32:18'),(213,3,'SUBMIT','faas_records',104,'Submitted FAAS record TEST-ARF-NO.5622 for approval',NULL,'2026-02-06 02:32:18'),(214,3,'CREATE','faas_records',105,'Created FAAS record TEST-ARF-NO.5622',NULL,'2026-02-06 06:51:55'),(215,3,'SUBMIT','faas_records',105,'Submitted FAAS record TEST-ARF-NO.5622 for approval',NULL,'2026-02-06 06:51:55'),(216,3,'CREATE','faas_records',106,'Created FAAS record 234567',NULL,'2026-02-06 06:52:41'),(217,3,'SUBMIT','faas_records',106,'Submitted FAAS record 234567 for approval',NULL,'2026-02-06 06:52:41'),(218,3,'CREATE','faas_records',107,'Created FAAS record 123456789',NULL,'2026-02-06 06:56:49'),(219,3,'SUBMIT','faas_records',107,'Submitted FAAS record 123456789 for approval',NULL,'2026-02-06 06:56:49'),(220,1,'CREATE','faas_records',108,'Created FAAS record 123',NULL,'2026-02-06 07:11:47'),(221,1,'SUBMIT','faas_records',108,'Submitted FAAS record 123 for approval',NULL,'2026-02-06 07:11:47'),(222,3,'CREATE','faas_records',109,'Created FAAS record 12322',NULL,'2026-02-06 07:12:38'),(223,3,'SUBMIT','faas_records',109,'Submitted FAAS record 12322 for approval',NULL,'2026-02-06 07:12:38'),(224,3,'DELETE','faas_records',109,'Deleted FAAS record 109',NULL,'2026-02-06 07:12:53'),(225,3,'DELETE','faas_records',108,'Deleted FAAS record 108',NULL,'2026-02-06 07:13:09'),(226,3,'CREATE','faas_records',110,'Created FAAS record 1232',NULL,'2026-02-06 07:15:50'),(227,3,'SUBMIT','faas_records',110,'Submitted FAAS record 1232 for approval',NULL,'2026-02-06 07:15:50'),(228,3,'CREATE','faas_records',111,'Created FAAS record 12321',NULL,'2026-02-06 07:16:06'),(229,3,'SUBMIT','faas_records',111,'Submitted FAAS record 12321 for approval',NULL,'2026-02-06 07:16:06'),(230,3,'CREATE','faas_records',112,'Created FAAS record 123211',NULL,'2026-02-06 07:16:57'),(231,3,'SUBMIT','faas_records',112,'Submitted FAAS record 123211 for approval',NULL,'2026-02-06 07:16:57'),(232,3,'APPROVE','faas_records',112,'Approved FAAS record 112',NULL,'2026-02-06 07:30:06'),(233,1,'CREATE','faas_records',113,'Created FAAS record 3333',NULL,'2026-02-09 03:03:37'),(234,1,'SUBMIT','faas_records',113,'Submitted FAAS record 3333 for approval',NULL,'2026-02-09 03:03:38'),(235,3,'UPDATE','faas_records',113,'Saved FAAS record 3333 as draft (withdrawn from pending)',NULL,'2026-02-09 03:22:38'),(236,3,'SUBMIT','faas_records',113,'Submitted FAAS record 3333 for approval',NULL,'2026-02-09 03:22:38'),(237,1,'UPDATE','faas_records',113,'Saved FAAS record 3333 as draft (withdrawn from pending)',NULL,'2026-02-09 03:23:42'),(238,1,'SUBMIT','faas_records',113,'Submitted FAAS record 3333 for approval',NULL,'2026-02-09 03:23:42'),(239,3,'APPROVE','faas_records',113,'Approved FAAS record 113',NULL,'2026-02-09 03:25:24'),(240,1,'CREATE','faas_records',114,'Created FAAS record 1231124',NULL,'2026-02-09 03:33:24'),(241,1,'SUBMIT','faas_records',114,'Submitted FAAS record 1231124 for approval',NULL,'2026-02-09 03:33:24'),(242,1,'DELETE','faas_records',114,'Deleted FAAS record 114',NULL,'2026-02-09 03:40:11'),(243,3,'DELETE','faas_records',111,'Deleted FAAS record 111',NULL,'2026-02-09 03:43:04'),(244,3,'CREATE','faas_records',115,'Created FAAS record 1234',NULL,'2026-02-09 03:48:48'),(245,3,'SUBMIT','faas_records',115,'Submitted FAAS record 1234 for approval',NULL,'2026-02-09 03:48:48'),(246,1,'CREATE','faas_records',116,'Created FAAS record 11231',NULL,'2026-02-09 06:22:04'),(247,1,'SUBMIT','faas_records',116,'Submitted FAAS record 11231 for approval',NULL,'2026-02-09 06:22:04'),(248,3,'UPDATE','faas_records',116,'Saved FAAS record 11231 as draft (withdrawn from pending)',NULL,'2026-02-09 06:23:09'),(249,3,'SUBMIT','faas_records',116,'Submitted FAAS record 11231 for approval',NULL,'2026-02-09 06:23:09'),(250,3,'DELETE','faas_records',116,'Deleted FAAS record 116',NULL,'2026-02-09 06:23:50'),(251,1,'CREATE','faas_records',117,'Created FAAS record 1212',NULL,'2026-02-09 06:24:55'),(252,1,'SUBMIT','faas_records',117,'Submitted FAAS record 1212 for approval',NULL,'2026-02-09 06:24:55'),(253,3,'UPDATE','faas_records',117,'Saved FAAS record 12123434 as draft (withdrawn from pending)',NULL,'2026-02-09 06:25:30'),(254,3,'SUBMIT','faas_records',117,'Submitted FAAS record 12123434 for approval',NULL,'2026-02-09 06:25:30'),(255,3,'DELETE','faas_records',117,'Deleted FAAS record 117',NULL,'2026-02-09 06:26:02'),(256,1,'CREATE','faas_records',118,'Created FAAS record 55555',NULL,'2026-02-09 06:26:54'),(257,1,'SUBMIT','faas_records',118,'Submitted FAAS record 55555 for approval',NULL,'2026-02-09 06:26:54'),(258,1,'CREATE','faas_records',119,'Created FAAS record 1212',NULL,'2026-02-09 06:27:34'),(259,1,'SUBMIT','faas_records',119,'Submitted FAAS record 1212 for approval',NULL,'2026-02-09 06:27:34'),(260,3,'UPDATE','faas_records',119,'Saved FAAS record 121267676767676767676767 as draft (withdrawn from pending)',NULL,'2026-02-09 06:28:52'),(261,3,'SUBMIT','faas_records',119,'Submitted FAAS record 121267676767676767676767 for approval',NULL,'2026-02-09 06:28:52'),(262,4,'UPDATE','faas_records',119,'Saved FAAS record 121267676767676767676767 as draft (withdrawn from pending)',NULL,'2026-02-09 06:29:36'),(263,4,'UPDATE','faas_records',119,'Updated FAAS record 121267676767676767676767',NULL,'2026-02-09 06:33:12'),(264,4,'DELETE','faas_records',119,'Deleted FAAS record 119',NULL,'2026-02-09 06:33:17'),(265,1,'CREATE','faas_records',120,'Created FAAS record 12345',NULL,'2026-02-09 07:56:32'),(266,1,'SUBMIT','faas_records',120,'Submitted FAAS record 12345 for approval',NULL,'2026-02-09 07:56:32'),(267,3,'UPDATE','faas_records',120,'Saved FAAS record 12345 as draft (withdrawn from pending)',NULL,'2026-02-09 07:57:16'),(268,3,'SUBMIT','faas_records',120,'Submitted FAAS record 12345 for approval',NULL,'2026-02-09 07:57:16'),(269,3,'DELETE','faas_records',120,'Deleted FAAS record 120',NULL,'2026-02-09 07:57:39'),(270,1,'DELETE','faas_records',118,'Deleted FAAS record 118',NULL,'2026-02-09 07:58:10'),(271,1,'CREATE','faas_records',121,'Created FAAS record 09090',NULL,'2026-02-09 07:58:27'),(272,1,'SUBMIT','faas_records',121,'Submitted FAAS record 09090 for approval',NULL,'2026-02-09 07:58:27'),(273,4,'UPDATE','faas_records',121,'Saved FAAS record 09090 as draft (withdrawn from pending)',NULL,'2026-02-09 07:59:03'),(274,1,'CREATE','faas_records',122,'Created FAAS record 56565',NULL,'2026-02-09 08:39:02'),(275,1,'CREATE','faas_records',123,'Created FAAS record 5656512314134134',NULL,'2026-02-09 08:39:21'),(276,1,'CREATE','faas_records',124,'Created FAAS record 890980',NULL,'2026-02-09 08:47:21'),(277,1,'CREATE','faas_records',125,'Created FAAS record 8908908',NULL,'2026-02-09 08:53:03'),(278,1,'CREATE','faas_records',126,'Created FAAS record 121233',NULL,'2026-02-09 08:55:41'),(279,1,'CREATE','faas_records',127,'Created FAAS record 11231sdf',NULL,'2026-02-09 08:55:58'),(280,1,'CREATE','faas_records',128,'Created FAAS record 11231333',NULL,'2026-02-09 08:56:59'),(281,3,'CREATE','faas_records',129,'Created FAAS record 3333222',NULL,'2026-02-09 08:57:19'),(282,1,'UPDATE','faas_records',129,'Updated FAAS record 3333222',NULL,'2026-02-10 00:28:02'),(283,1,'UPDATE','faas_records',129,'Updated FAAS record 3333222',NULL,'2026-02-10 00:28:08'),(284,4,'CREATE','faas_records',130,'Created FAAS record 333322211',NULL,'2026-02-10 00:50:31'),(285,4,'SUBMIT','faas_records',130,'Submitted FAAS record 333322211 for approval',NULL,'2026-02-10 00:50:31'),(286,4,'CREATE','faas_records',131,'Created FAAS record TEST-ARF-NO.562',NULL,'2026-02-10 01:04:16'),(287,4,'SUBMIT','faas_records',131,'Submitted FAAS record TEST-ARF-NO.562 for approval',NULL,'2026-02-10 01:04:16'),(288,1,'CREATE','faas_records',132,'Created FAAS record 121242354635768',NULL,'2026-02-10 01:04:59'),(289,1,'SUBMIT','faas_records',132,'Submitted FAAS record 121242354635768 for approval',NULL,'2026-02-10 01:04:59'),(290,1,'CREATE','faas_records',133,'Created FAAS record 453545',NULL,'2026-02-10 01:26:56'),(291,1,'SUBMIT','faas_records',133,'Submitted FAAS record 453545 for approval',NULL,'2026-02-10 01:26:56'),(292,4,'DELETE','faas_records',132,'Soft deleted FAAS record 132',NULL,'2026-02-10 01:27:57'),(293,4,'UPDATE','faas_records',133,'Saved FAAS record 453545566565 as draft (withdrawn from pending)',NULL,'2026-02-10 01:28:15'),(294,4,'UPDATE','faas_records',133,'Updated FAAS record 453545566565',NULL,'2026-02-10 01:28:54'),(295,4,'UPDATE','faas_records',133,'Updated FAAS record 453545566565',NULL,'2026-02-10 01:28:55'),(296,4,'UPDATE','faas_records',133,'Updated FAAS record 453545566565',NULL,'2026-02-10 01:28:55'),(297,4,'UPDATE','faas_records',133,'Updated FAAS record 453545566565',NULL,'2026-02-10 01:29:32'),(298,4,'UPDATE','faas_records',133,'Updated FAAS record 453545566565',NULL,'2026-02-10 01:29:33'),(299,4,'UPDATE','faas_records',133,'Updated FAAS record 453545566565',NULL,'2026-02-10 01:29:33'),(300,1,'UPDATE','faas_records',133,'Updated FAAS record 453545566565',NULL,'2026-02-10 01:29:46'),(301,1,'SUBMIT','faas_records',133,'Submitted FAAS record 453545566565 for approval',NULL,'2026-02-10 01:29:46'),(302,4,'UPDATE','faas_records',133,'Saved FAAS record 453545566565 as draft (withdrawn from pending)',NULL,'2026-02-10 01:33:07'),(303,1,'CREATE','faas_records',134,'Created FAAS record 909090',NULL,'2026-02-10 01:36:47'),(304,1,'SUBMIT','faas_records',134,'Submitted FAAS record 909090 for approval',NULL,'2026-02-10 01:36:47'),(305,4,'UPDATE','faas_records',134,'Saved FAAS record 909090232323 as draft (withdrawn from pending)',NULL,'2026-02-10 01:37:17'),(306,4,'SUBMIT','faas_records',134,'Submitted FAAS record 909090232323 for approval',NULL,'2026-02-10 01:37:17'),(307,4,'UPDATE','faas_records',134,'Saved FAAS record 90909023232312414134134 as draft (withdrawn from pending)',NULL,'2026-02-10 01:37:54'),(308,4,'SUBMIT','faas_records',134,'Submitted FAAS record 90909023232312414134134 for approval',NULL,'2026-02-10 01:37:54'),(309,5,'UPDATE','faas_records',134,'Saved FAAS record 90909023232312414134134 as draft (withdrawn from pending)',NULL,'2026-02-10 01:38:36'),(310,5,'SUBMIT','faas_records',134,'Submitted FAAS record 90909023232312414134134 for approval',NULL,'2026-02-10 01:38:36'),(311,3,'DELETE','faas_records',129,'Soft deleted FAAS record 129',NULL,'2026-02-10 02:29:09'),(312,5,'CREATE','faas_records',135,'Created FAAS record 8080',NULL,'2026-02-10 05:57:51'),(313,5,'SUBMIT','faas_records',135,'Submitted FAAS record 8080 for approval',NULL,'2026-02-10 05:57:51'),(314,1,'UPDATE','faas_records',135,'Saved FAAS record 808080 as draft (withdrawn from pending)',NULL,'2026-02-10 05:58:48'),(315,1,'SUBMIT','faas_records',135,'Submitted FAAS record 808080 for approval',NULL,'2026-02-10 05:58:48'),(316,4,'UPDATE','faas_records',135,'Saved FAAS record 808080101010 as draft (withdrawn from pending)',NULL,'2026-02-10 05:59:18'),(317,4,'SUBMIT','faas_records',135,'Submitted FAAS record 808080101010 for approval',NULL,'2026-02-10 05:59:18'),(318,4,'CREATE','faas_records',136,'Created FAAS record 112314342',NULL,'2026-02-10 06:00:06'),(319,4,'SUBMIT','faas_records',136,'Submitted FAAS record 112314342 for approval',NULL,'2026-02-10 06:00:06'),(320,3,'CREATE','faas_records',137,'Created FAAS record TEST-ARF-NO.562a as draft',NULL,'2026-02-10 06:04:48'),(321,4,'DELETE','faas_records',137,'Soft deleted FAAS record 137',NULL,'2026-02-10 06:05:09'),(322,3,'DELETE','faas_records',136,'Soft deleted FAAS record 136',NULL,'2026-02-10 06:05:35'),(323,3,'DELETE','faas_records',135,'Soft deleted FAAS record 135',NULL,'2026-02-10 06:05:44'),(324,3,'DELETE','faas_records',133,'Soft deleted FAAS record 133',NULL,'2026-02-10 06:27:56'),(325,3,'DELETE','faas_records',128,'Soft deleted FAAS record 128',NULL,'2026-02-10 06:27:59'),(326,3,'DELETE','faas_records',127,'Soft deleted FAAS record 127',NULL,'2026-02-10 06:28:02'),(327,4,'DELETE','faas_records',125,'Soft deleted FAAS record 125',NULL,'2026-02-10 06:28:21'),(328,3,'DELETE','faas_records',134,'Soft deleted FAAS record 134',NULL,'2026-02-10 06:28:38'),(329,3,'DELETE','faas_records',126,'Soft deleted FAAS record 126',NULL,'2026-02-10 06:28:45'),(330,3,'DELETE','faas_records',124,'Soft deleted FAAS record 124',NULL,'2026-02-10 06:28:47'),(331,3,'DELETE','faas_records',123,'Soft deleted FAAS record 123',NULL,'2026-02-10 06:28:49'),(332,3,'DELETE','faas_records',122,'Soft deleted FAAS record 122',NULL,'2026-02-10 06:28:51'),(333,3,'DELETE','faas_records',121,'Soft deleted FAAS record 121',NULL,'2026-02-10 06:28:52'),(334,4,'CREATE','faas_records',138,'Created FAAS record 6767 as draft',NULL,'2026-02-10 06:29:25'),(335,4,'UPDATE','faas_records',138,'Saved FAAS record 67676767 as draft',NULL,'2026-02-10 06:29:42'),(336,4,'DELETE','faas_records',138,'Soft deleted FAAS record 138',NULL,'2026-02-10 06:29:50'),(337,4,'CREATE','faas_records',139,'Created FAAS record 6767 as draft',NULL,'2026-02-10 06:30:00'),(338,4,'UPDATE','faas_records',139,'Saved FAAS record 6767 as draft',NULL,'2026-02-10 06:30:04'),(339,4,'UPDATE','faas_records',139,'Updated FAAS record 6767',NULL,'2026-02-10 06:30:14'),(340,4,'SUBMIT','faas_records',139,'Submitted FAAS record 6767 for approval',NULL,'2026-02-10 06:30:14'),(341,4,'CREATE','faas_records',140,'Created FAAS record 76767 as draft',NULL,'2026-02-10 06:30:34'),(342,1,'UPDATE','faas_records',140,'Saved FAAS record 76767 as draft',NULL,'2026-02-10 06:30:59'),(343,1,'UPDATE','faas_records',140,'Saved FAAS record 767675454 as draft',NULL,'2026-02-10 06:37:34'),(344,1,'UPDATE','faas_records',140,'Updated FAAS record 767675454',NULL,'2026-02-10 06:37:43'),(345,1,'SUBMIT','faas_records',140,'Submitted FAAS record 767675454 for approval',NULL,'2026-02-10 06:37:43'),(346,3,'UPDATE','faas_records',140,'Saved FAAS record 767675454 as draft (withdrawn from pending)',NULL,'2026-02-10 06:43:36'),(347,2,'APPROVE','faas_records',139,'Approved FAAS record 139',NULL,'2026-02-10 06:44:23'),(348,2,'REJECT','faas_records',131,'Rejected FAAS record 131: pojp',NULL,'2026-02-10 06:45:03'),(349,2,'APPROVE','faas_records',130,'Approved FAAS record 130',NULL,'2026-02-10 06:47:36'),(350,1,'UPDATE','faas_records',140,'Updated FAAS record 767675454',NULL,'2026-02-10 06:51:16'),(351,1,'SUBMIT','faas_records',140,'Submitted FAAS record 767675454 for approval',NULL,'2026-02-10 06:51:16'),(352,1,'UPDATE','faas_records',140,'Saved FAAS record 767675454 as draft (withdrawn from pending)',NULL,'2026-02-10 06:51:41'),(353,1,'SUBMIT','faas_records',140,'Submitted FAAS record 767675454 for approval',NULL,'2026-02-10 06:51:41'),(354,1,'CREATE','faas_records',141,'Created FAAS record 12313131231231233',NULL,'2026-02-10 06:53:52'),(355,1,'SUBMIT','faas_records',141,'Submitted FAAS record 12313131231231233 for approval',NULL,'2026-02-10 06:53:52'),(356,2,'REJECT','faas_records',141,'Rejected FAAS record 141: panget',NULL,'2026-02-10 06:54:49'),(357,3,'CREATE','faas_records',142,'Created FAAS record TEST-ARF-NO.562a1',NULL,'2026-02-10 07:04:12'),(358,3,'SUBMIT','faas_records',142,'Submitted FAAS record TEST-ARF-NO.562a1 for approval',NULL,'2026-02-10 07:04:12'),(359,3,'CREATE','faas_records',143,'Created FAAS record TEST-ARF-NO.562a14',NULL,'2026-02-10 07:04:44'),(360,3,'SUBMIT','faas_records',143,'Submitted FAAS record TEST-ARF-NO.562a14 for approval',NULL,'2026-02-10 07:04:44'),(361,1,'CREATE','faas_records',144,'Created FAAS record 808080808080',NULL,'2026-02-10 07:28:12'),(362,1,'SUBMIT','faas_records',144,'Submitted FAAS record 808080808080 for approval',NULL,'2026-02-10 07:28:12'),(363,1,'CREATE','faas_records',145,'Created FAAS record 0210 as draft',NULL,'2026-02-10 07:46:09'),(364,1,'UPDATE','faas_records',145,'Updated FAAS record 0210',NULL,'2026-02-10 08:25:18'),(365,1,'SUBMIT','faas_records',145,'Submitted FAAS record 0210 for approval',NULL,'2026-02-10 08:25:18'),(366,1,'CREATE','faas_records',146,'Created FAAS record 12312312312312',NULL,'2026-02-10 08:35:39'),(367,1,'SUBMIT','faas_records',146,'Submitted FAAS record 12312312312312 for approval',NULL,'2026-02-10 08:35:39'),(368,3,'CREATE','faas_records',147,'Created FAAS record TEST-ARF-NO. 11',NULL,'2026-02-10 08:54:58'),(369,3,'SUBMIT','faas_records',147,'Submitted FAAS record TEST-ARF-NO. 11 for approval',NULL,'2026-02-10 08:54:58'),(370,3,'APPROVE','faas_records',142,'Approved FAAS record 142',NULL,'2026-02-11 06:23:15'),(371,3,'UPDATE','faas_records',147,'Saved FAAS record TEST-ARF-NO. 11 as draft (withdrawn from pending)',NULL,'2026-02-12 01:54:04'),(372,3,'UPDATE','faas_records',147,'Updated FAAS record TEST-ARF-NO. 11',NULL,'2026-02-12 04:35:39'),(373,3,'SUBMIT','faas_records',147,'Submitted FAAS record TEST-ARF-NO. 11 for approval',NULL,'2026-02-12 04:35:39'),(374,3,'UPDATE','faas_records',147,'Saved FAAS record TEST-ARF-NO. 11 as draft (withdrawn from pending)',NULL,'2026-02-12 04:35:58'),(375,3,'CREATE','faas_records',148,'Created FAAS record TEST-ARF-NO.563',NULL,'2026-02-12 05:25:17'),(376,3,'SUBMIT','faas_records',148,'Submitted FAAS record TEST-ARF-NO.563 for approval',NULL,'2026-02-12 05:25:17'),(377,3,'UPDATE','faas_records',148,'Saved FAAS record TEST-ARF-NO.563 as draft (withdrawn from pending)',NULL,'2026-02-12 06:55:24'),(378,3,'UPDATE','faas_records',148,'Saved FAAS record TEST-ARF-NO.563 as draft',NULL,'2026-02-12 06:55:47'),(379,3,'CREATE','faas_records',149,'Created FAAS record TEST-ARF-NO.5',NULL,'2026-02-12 07:02:29'),(380,3,'SUBMIT','faas_records',149,'Submitted FAAS record TEST-ARF-NO.5 for approval',NULL,'2026-02-12 07:02:29'),(381,4,'UPDATE','faas_records',149,'Saved FAAS record TEST-ARF-NO.5 as draft (withdrawn from pending)',NULL,'2026-02-12 07:41:12'),(382,1,'CREATE','faas_records',150,'Created FAAS record TEST-ARF-NO.56322',NULL,'2026-02-12 07:43:27'),(383,1,'SUBMIT','faas_records',150,'Submitted FAAS record TEST-ARF-NO.56322 for approval',NULL,'2026-02-12 07:43:27'),(384,1,'CREATE','faas_records',151,'Created FAAS record TEST-ARF-NO. 1124 as draft',NULL,'2026-02-12 07:59:33'),(385,1,'CREATE','faas_records',152,'Created FAAS record TEST-ARF-NO.562222 as draft',NULL,'2026-02-12 08:02:14'),(386,1,'UPDATE','faas_records',151,'Saved FAAS record TEST-ARF-NO. 1124 as draft',NULL,'2026-02-12 08:02:24'),(387,1,'UPDATE','faas_records',150,'Saved FAAS record TEST-ARF-NO.56322 as draft (withdrawn from pending)',NULL,'2026-02-12 08:02:38'),(388,1,'UPDATE','faas_records',146,'Saved FAAS record 12312312312312 as draft (withdrawn from pending)',NULL,'2026-02-12 08:03:42'),(389,1,'UPDATE','faas_records',145,'Saved FAAS record 0210 as draft (withdrawn from pending)',NULL,'2026-02-12 08:05:09'),(390,1,'UPDATE','faas_records',144,'Saved FAAS record 808080808080 as draft (withdrawn from pending)',NULL,'2026-02-12 08:05:56'),(391,1,'UPDATE','faas_records',143,'Saved FAAS record TEST-ARF-NO.562a14 as draft (withdrawn from pending)',NULL,'2026-02-12 08:06:08'),(392,1,'UPDATE','faas_records',152,'Updated FAAS record TEST-ARF-NO.562222',NULL,'2026-02-12 08:07:11'),(393,1,'SUBMIT','faas_records',152,'Submitted FAAS record TEST-ARF-NO.562222 for approval',NULL,'2026-02-12 08:07:11'),(394,1,'UPDATE','faas_records',151,'Saved FAAS record TEST-ARF-NO. 1124 as draft',NULL,'2026-02-12 08:07:31'),(395,1,'UPDATE','faas_records',151,'Saved FAAS record TEST-ARF-NO. 1124 as draft',NULL,'2026-02-12 08:07:35'),(396,1,'CREATE','faas_records',153,'Created FAAS record 243252453 as draft',NULL,'2026-02-12 08:40:24'),(397,1,'UPDATE','faas_records',153,'Saved FAAS record 243252453 as draft',NULL,'2026-02-12 08:42:41'),(398,1,'UPDATE','faas_records',153,'Updated FAAS record 243252453',NULL,'2026-02-12 08:42:55'),(399,1,'SUBMIT','faas_records',153,'Submitted FAAS record 243252453 for approval',NULL,'2026-02-12 08:42:55'),(400,1,'CREATE','faas_records',154,'Created FAAS record TEST',NULL,'2026-02-12 08:48:09'),(401,1,'SUBMIT','faas_records',154,'Submitted FAAS record TEST for approval',NULL,'2026-02-12 08:48:09'),(402,1,'UPDATE','faas_records',154,'Saved FAAS record TEST as draft (withdrawn from pending)',NULL,'2026-02-12 08:51:49'),(403,3,'UPDATE','faas_records',154,'Updated FAAS record TEST',NULL,'2026-02-18 01:05:13'),(404,3,'SUBMIT','faas_records',154,'Submitted FAAS record TEST for approval',NULL,'2026-02-18 01:05:13'),(405,3,'UPDATE','faas_records',154,'Saved FAAS record TEST as draft (withdrawn from pending)',NULL,'2026-02-18 01:06:30'),(406,3,'SUBMIT','faas_records',154,'Submitted FAAS record TEST for approval',NULL,'2026-02-18 01:06:31'),(407,3,'UPDATE','faas_records',151,'Updated FAAS record TEST-ARF-NO. 1124',NULL,'2026-02-18 01:10:45'),(408,3,'SUBMIT','faas_records',151,'Submitted FAAS record TEST-ARF-NO. 1124 for approval',NULL,'2026-02-18 01:10:45'),(409,3,'UPDATE','faas_records',154,'Saved FAAS record TEST as draft (withdrawn from pending)',NULL,'2026-02-18 01:12:11'),(410,3,'SUBMIT','faas_records',154,'Submitted FAAS record TEST for approval',NULL,'2026-02-18 01:12:12'),(411,3,'UPDATE','faas_records',154,'Saved FAAS record TEST as draft (withdrawn from pending)',NULL,'2026-02-18 01:13:32'),(412,3,'SUBMIT','faas_records',154,'Submitted FAAS record TEST for approval',NULL,'2026-02-18 01:13:32'),(413,3,'CREATE','faas_records',155,'Created FAAS record null',NULL,'2026-02-18 02:04:54'),(414,3,'SUBMIT','faas_records',155,'Submitted FAAS record null for approval',NULL,'2026-02-18 02:04:54'),(415,1,'CREATE','faas_records',156,'Created FAAS record null',NULL,'2026-02-18 02:23:36'),(416,1,'SUBMIT','faas_records',156,'Submitted FAAS record null for approval',NULL,'2026-02-18 02:23:37'),(417,1,'UPDATE','faas_records',156,'Saved FAAS record null as draft (withdrawn from pending)',NULL,'2026-02-18 02:29:12'),(418,1,'SUBMIT','faas_records',156,'Submitted FAAS record null for approval',NULL,'2026-02-18 02:29:12'),(419,2,'APPROVE','faas_records',156,'Approved FAAS record 156',NULL,'2026-02-18 02:49:43'),(420,2,'CANCEL_ACTION','faas_records',156,'Cancelled approval/rejection for record 156. Status reverted to pending.',NULL,'2026-02-18 02:58:38'),(421,2,'APPROVE','faas_records',156,'Approved FAAS record 156',NULL,'2026-02-18 02:58:44'),(422,2,'CANCEL_ACTION','faas_records',156,'Cancelled approval/rejection for record 156. Status reverted to pending.',NULL,'2026-02-18 02:58:47'),(423,3,'DELETE','faas_records',156,'Soft deleted FAAS record 156',NULL,'2026-02-18 03:03:58'),(424,1,'CREATE','faas_records',159,'Created FAAS record null',NULL,'2026-02-18 05:43:44'),(425,1,'SUBMIT','faas_records',159,'Submitted FAAS record null for approval',NULL,'2026-02-18 05:43:44'),(426,3,'CREATE','faas_records',161,'Created FAAS record null',NULL,'2026-02-18 06:13:01'),(427,3,'SUBMIT','faas_records',161,'Submitted FAAS record null for approval',NULL,'2026-02-18 06:13:02'),(428,3,'UPDATE','faas_records',161,'Saved FAAS record null as draft (withdrawn from pending)',NULL,'2026-02-18 06:14:49'),(429,3,'SUBMIT','faas_records',161,'Submitted FAAS record null for approval',NULL,'2026-02-18 06:14:49'),(430,3,'CREATE','faas_records',162,'Created FAAS record null',NULL,'2026-02-18 06:38:19'),(431,3,'SUBMIT','faas_records',162,'Submitted FAAS record null for approval',NULL,'2026-02-18 06:38:19'),(432,3,'CREATE','faas_records',163,'Created FAAS record TEST-ARF-NO.562',NULL,'2026-02-18 06:54:49'),(433,3,'SUBMIT','faas_records',163,'Submitted FAAS record TEST-ARF-NO.562 for approval',NULL,'2026-02-18 06:54:49'),(434,3,'UPDATE','faas_records',163,'Saved FAAS record TEST-ARF-NO.562 as draft (withdrawn from pending)',NULL,'2026-02-18 07:17:11'),(435,3,'SUBMIT','faas_records',163,'Submitted FAAS record TEST-ARF-NO.562 for approval',NULL,'2026-02-18 07:17:11'),(436,3,'UPDATE','faas_records',163,'Saved FAAS record TEST-ARF-NO.562 as draft (withdrawn from pending)',NULL,'2026-02-18 07:18:09'),(437,3,'UPDATE','faas_records',163,'Saved FAAS record TEST-ARF-NO.562 as draft',NULL,'2026-02-18 07:18:26'),(438,3,'UPDATE','faas_records',163,'Saved FAAS record TEST-ARF-NO.562 as draft',NULL,'2026-02-18 07:18:42'),(439,3,'UPDATE','faas_records',163,'Updated FAAS record TEST-ARF-NO.562',NULL,'2026-02-18 07:18:57'),(440,3,'SUBMIT','faas_records',163,'Submitted FAAS record TEST-ARF-NO.562 for approval',NULL,'2026-02-18 07:18:57'),(441,3,'UPDATE','faas_records',163,'Saved FAAS record TEST-ARF-NO.562 as draft (withdrawn from pending)',NULL,'2026-02-18 07:22:16'),(442,3,'SUBMIT','faas_records',163,'Submitted FAAS record TEST-ARF-NO.562 for approval',NULL,'2026-02-18 07:22:16'),(443,3,'UPDATE','faas_records',163,'Saved FAAS record TEST-ARF-NO.562 as draft (withdrawn from pending)',NULL,'2026-02-18 07:26:45'),(444,3,'UPDATE','faas_records',163,'Updated FAAS record TEST-ARF-NO.562',NULL,'2026-02-18 07:26:55'),(445,3,'SUBMIT','faas_records',163,'Submitted FAAS record TEST-ARF-NO.562 for approval',NULL,'2026-02-18 07:26:55'),(446,3,'UPDATE','faas_records',163,'Saved FAAS record TEST-ARF-NO.562 as draft (withdrawn from pending)',NULL,'2026-02-18 07:27:28'),(447,3,'UPDATE','faas_records',163,'Updated FAAS record TEST-ARF-NO.562',NULL,'2026-02-18 07:27:39'),(448,3,'SUBMIT','faas_records',163,'Submitted FAAS record TEST-ARF-NO.562 for approval',NULL,'2026-02-18 07:27:39'),(449,3,'UPDATE','faas_records',163,'Saved FAAS record TEST-ARF-NO.562 as draft (withdrawn from pending)',NULL,'2026-02-19 01:37:30'),(450,3,'SUBMIT','faas_records',163,'Submitted FAAS record TEST-ARF-NO.562 for approval',NULL,'2026-02-19 01:37:30'),(451,3,'UPDATE','faas_records',163,'Saved FAAS record TEST-ARF-NO.562 as draft (withdrawn from pending)',NULL,'2026-02-19 01:40:10'),(452,3,'SUBMIT','faas_records',163,'Submitted FAAS record TEST-ARF-NO.562 for approval',NULL,'2026-02-19 01:40:10'),(453,3,'UPDATE','faas_records',163,'Saved FAAS record TEST-ARF-NO.562 as draft (withdrawn from pending)',NULL,'2026-02-19 01:41:49'),(454,3,'SUBMIT','faas_records',163,'Submitted FAAS record TEST-ARF-NO.562 for approval',NULL,'2026-02-19 01:41:49'),(455,3,'UPDATE','faas_records',163,'Saved FAAS record TEST-ARF-NO.562 as draft (withdrawn from pending)',NULL,'2026-02-19 01:43:07'),(456,3,'SUBMIT','faas_records',163,'Submitted FAAS record TEST-ARF-NO.562 for approval',NULL,'2026-02-19 01:43:07'),(457,3,'UPDATE','faas_records',163,'Saved FAAS record TEST-ARF-NO.562 as draft (withdrawn from pending)',NULL,'2026-02-19 01:49:26'),(458,3,'SUBMIT','faas_records',163,'Submitted FAAS record TEST-ARF-NO.562 for approval',NULL,'2026-02-19 01:49:26'),(459,3,'UPDATE','faas_records',163,'Saved FAAS record TEST-ARF-NO.562 as draft (withdrawn from pending)',NULL,'2026-02-19 02:03:13'),(460,3,'SUBMIT','faas_records',163,'Submitted FAAS record TEST-ARF-NO.562 for approval',NULL,'2026-02-19 02:03:13'),(461,3,'UPDATE','faas_records',163,'Saved FAAS record TEST-ARF-NO.562 as draft (withdrawn from pending)',NULL,'2026-02-19 02:08:08'),(462,3,'SUBMIT','faas_records',163,'Submitted FAAS record TEST-ARF-NO.562 for approval',NULL,'2026-02-19 02:08:08'),(463,3,'DELETE','faas_records',163,'Soft deleted FAAS record 163',NULL,'2026-02-19 02:08:30'),(464,3,'UPDATE','faas_records',162,'Saved FAAS record null as draft (withdrawn from pending)',NULL,'2026-02-19 02:08:44'),(465,3,'SUBMIT','faas_records',162,'Submitted FAAS record null for approval',NULL,'2026-02-19 02:08:44'),(466,3,'UPDATE','faas_records',159,'Saved FAAS record null as draft (withdrawn from pending)',NULL,'2026-02-19 02:17:05'),(467,3,'SUBMIT','faas_records',159,'Submitted FAAS record null for approval',NULL,'2026-02-19 02:17:05'),(468,3,'CREATE','faas_records',164,'Created FAAS record TEST-ARF-NO.56233',NULL,'2026-02-19 02:22:27'),(469,3,'SUBMIT','faas_records',164,'Submitted FAAS record TEST-ARF-NO.56233 for approval',NULL,'2026-02-19 02:22:27'),(470,3,'UPDATE','faas_records',162,'Saved FAAS record null as draft (withdrawn from pending)',NULL,'2026-02-19 02:23:04'),(471,3,'SUBMIT','faas_records',162,'Submitted FAAS record null for approval',NULL,'2026-02-19 02:23:04'),(472,3,'CREATE','faas_records',165,'Created FAAS record 1231231231231',NULL,'2026-02-19 02:23:33'),(473,3,'SUBMIT','faas_records',165,'Submitted FAAS record 1231231231231 for approval',NULL,'2026-02-19 02:23:33'),(474,3,'CREATE','faas_records',166,'Created FAAS record 1231231231231656',NULL,'2026-02-19 02:30:28'),(475,3,'SUBMIT','faas_records',166,'Submitted FAAS record 1231231231231656 for approval',NULL,'2026-02-19 02:30:28'),(476,3,'CREATE','faas_records',167,'Created FAAS record TEST-ARF-NO.5622',NULL,'2026-02-19 02:31:13'),(477,3,'SUBMIT','faas_records',167,'Submitted FAAS record TEST-ARF-NO.5622 for approval',NULL,'2026-02-19 02:31:13'),(478,3,'CREATE','faas_records',168,'Created FAAS record TEST-ARF-NO.562221',NULL,'2026-02-19 02:32:23'),(479,3,'SUBMIT','faas_records',168,'Submitted FAAS record TEST-ARF-NO.562221 for approval',NULL,'2026-02-19 02:32:23'),(480,3,'CREATE','faas_records',169,'Created FAAS record TEST-ARF-NO.562221',NULL,'2026-02-19 02:37:09'),(481,3,'SUBMIT','faas_records',169,'Submitted FAAS record TEST-ARF-NO.562221 for approval',NULL,'2026-02-19 02:37:09'),(482,3,'CREATE','faas_records',170,'Created FAAS record TEST-ARF-NO.562221',NULL,'2026-02-19 02:42:08'),(483,3,'SUBMIT','faas_records',170,'Submitted FAAS record TEST-ARF-NO.562221 for approval',NULL,'2026-02-19 02:42:08'),(484,3,'UPDATE','faas_records',170,'Saved FAAS record TEST-ARF-NO.562221 as draft (withdrawn from pending)',NULL,'2026-02-19 02:42:36'),(485,3,'SUBMIT','faas_records',170,'Submitted FAAS record TEST-ARF-NO.562221 for approval',NULL,'2026-02-19 02:42:36'),(486,3,'UPDATE','faas_records',170,'Saved FAAS record TEST-ARF-NO.562221 as draft (withdrawn from pending)',NULL,'2026-02-19 02:49:02'),(487,3,'SUBMIT','faas_records',170,'Submitted FAAS record TEST-ARF-NO.562221 for approval',NULL,'2026-02-19 02:49:02'),(488,3,'CREATE','faas_records',171,'Created FAAS record TEST-ARF-NO.562221',NULL,'2026-02-19 02:57:15'),(489,3,'SUBMIT','faas_records',171,'Submitted FAAS record TEST-ARF-NO.562221 for approval',NULL,'2026-02-19 02:57:15'),(490,3,'UPDATE','faas_records',171,'Saved FAAS record TEST-ARF-NO.562221 as draft (withdrawn from pending)',NULL,'2026-02-19 02:57:47'),(491,3,'SUBMIT','faas_records',171,'Submitted FAAS record TEST-ARF-NO.562221 for approval',NULL,'2026-02-19 02:57:47'),(492,3,'CREATE','faas_records',172,'Created FAAS record null',NULL,'2026-02-19 03:06:30'),(493,3,'SUBMIT','faas_records',172,'Submitted FAAS record null for approval',NULL,'2026-02-19 03:06:30'),(494,2,'APPROVE','faas_records',172,'Approved FAAS record 172',NULL,'2026-02-19 03:47:46'),(495,4,'CREATE','faas_records',173,'Created FAAS record TEST-ARF-NO. 11',NULL,'2026-02-19 06:56:35'),(496,4,'SUBMIT','faas_records',173,'Submitted FAAS record TEST-ARF-NO. 11 for approval',NULL,'2026-02-19 06:56:35'),(497,1,'CREATE','faas_records',176,'Created FAAS record TEST-ARF-NO. 1185',NULL,'2026-02-19 06:57:55'),(498,1,'SUBMIT','faas_records',176,'Submitted FAAS record TEST-ARF-NO. 1185 for approval',NULL,'2026-02-19 06:57:55'),(499,4,'UPDATE','faas_records',176,'Saved FAAS record TEST-ARF-NO. 1185 as draft (withdrawn from pending)',NULL,'2026-02-19 07:05:18');
/*!40000 ALTER TABLE `activity_log` ENABLE KEYS */;
UNLOCK TABLES;

--
-- Table structure for table `faas_records`
--

DROP TABLE IF EXISTS `faas_records`;
/*!40101 SET @saved_cs_client     = @@character_set_client */;
/*!50503 SET character_set_client = utf8mb4 */;
CREATE TABLE `faas_records` (
  `id` int NOT NULL AUTO_INCREMENT,
  `arf_no` varchar(50) DEFAULT NULL,
  `pin` varchar(50) DEFAULT NULL,
  `oct_tct_no` varchar(50) DEFAULT NULL,
  `cln` varchar(50) DEFAULT NULL,
  `owner_name` varchar(255) NOT NULL,
  `owner_address` text,
  `owner_barangay` varchar(100) DEFAULT NULL,
  `owner_municipality` varchar(100) DEFAULT NULL,
  `owner_province` varchar(100) DEFAULT NULL,
  `administrator_name` varchar(255) DEFAULT NULL,
  `administrator_address` text,
  `property_location` text,
  `property_barangay` varchar(100) DEFAULT NULL,
  `property_municipality` varchar(100) DEFAULT NULL,
  `property_province` varchar(100) DEFAULT NULL,
  `north_boundary` text,
  `south_boundary` text,
  `east_boundary` text,
  `west_boundary` text,
  `classification` varchar(100) DEFAULT NULL,
  `sub_class` varchar(100) DEFAULT NULL,
  `area` decimal(15,2) DEFAULT NULL,
  `unit_value_land` decimal(15,2) DEFAULT NULL,
  `product_class` varchar(100) DEFAULT NULL,
  `improvement_qty` int DEFAULT NULL,
  `unit_value_improvement` decimal(15,2) DEFAULT NULL,
  `market_value_improvement` decimal(15,2) DEFAULT NULL,
  `adj_factor` decimal(5,2) DEFAULT NULL,
  `percent_adjustment` decimal(5,2) DEFAULT NULL,
  `value_adjustment` decimal(15,2) DEFAULT NULL,
  `adjusted_market_value` decimal(15,2) DEFAULT NULL,
  `kind` varchar(100) DEFAULT NULL,
  `actual_use` varchar(100) DEFAULT NULL,
  `market_value_detail` decimal(15,2) DEFAULT NULL,
  `assessment_level` decimal(5,2) DEFAULT NULL,
  `assessed_value_detail` decimal(15,2) DEFAULT NULL,
  `land_appraisal_total` decimal(15,2) DEFAULT NULL,
  `improvements_total` decimal(15,2) DEFAULT NULL,
  `adjustment_total` decimal(15,2) DEFAULT NULL,
  `assessment_total` decimal(15,2) DEFAULT NULL,
  `assessed_value` decimal(15,2) DEFAULT NULL,
  `market_value` decimal(15,2) DEFAULT NULL,
  `effectivity_date` date DEFAULT NULL,
  `effectivity_year` varchar(10) DEFAULT NULL,
  `taxability` varchar(50) DEFAULT NULL,
  `tax_rate` decimal(5,2) DEFAULT NULL,
  `previous_td_no` varchar(50) DEFAULT NULL,
  `previous_owner` varchar(255) DEFAULT NULL,
  `previous_av_land` decimal(15,2) DEFAULT NULL,
  `previous_av_improvements` decimal(15,2) DEFAULT NULL,
  `previous_total_av` decimal(15,2) DEFAULT NULL,
  `memoranda` text,
  `status` enum('draft','for_approval','approved','rejected') DEFAULT 'draft',
  `hidden` tinyint DEFAULT '0',
  `encoder_id` int DEFAULT NULL,
  `approver_id` int DEFAULT NULL,
  `approval_date` timestamp NULL DEFAULT NULL,
  `rejection_reason` text,
  `excel_file_path` varchar(500) DEFAULT NULL,
  `pdf_preview_path` varchar(500) DEFAULT NULL,
  `unirrig_pdf_preview_path` varchar(255) DEFAULT NULL,
  `created_at` timestamp NULL DEFAULT CURRENT_TIMESTAMP,
  `updated_at` timestamp NULL DEFAULT CURRENT_TIMESTAMP ON UPDATE CURRENT_TIMESTAMP,
  `unirrig_excel_file_path` varchar(255) DEFAULT NULL,
  `land_appraisals_json` json DEFAULT NULL,
  `improvements_json` json DEFAULT NULL,
  `market_values_json` json DEFAULT NULL,
  `assessments_json` json DEFAULT NULL,
  `memoranda_label` varchar(100) DEFAULT 'MEMORANDA:',
  `memoranda_code` varchar(50) DEFAULT NULL,
  `memoranda_paragraph` text,
  PRIMARY KEY (`id`),
  UNIQUE KEY `pin_UNIQUE` (`pin`),
  UNIQUE KEY `oct_tct_no_UNIQUE` (`oct_tct_no`),
  KEY `encoder_id` (`encoder_id`),
  KEY `approver_id` (`approver_id`),
  KEY `idx_hidden` (`hidden`),
  CONSTRAINT `faas_records_ibfk_1` FOREIGN KEY (`encoder_id`) REFERENCES `users` (`id`),
  CONSTRAINT `faas_records_ibfk_2` FOREIGN KEY (`approver_id`) REFERENCES `users` (`id`)
) ENGINE=InnoDB AUTO_INCREMENT=177 DEFAULT CHARSET=utf8mb4 COLLATE=utf8mb4_0900_ai_ci;
/*!40101 SET character_set_client = @saved_cs_client */;

--
-- Dumping data for table `faas_records`
--

LOCK TABLES `faas_records` WRITE;
/*!40000 ALTER TABLE `faas_records` DISABLE KEYS */;
INSERT INTO `faas_records` VALUES (171,'TEST-ARF-NO.562221','123125234362212','OCT/TCT NO  TESTING2241','64154','BLESSIOUS JOSEPH LANDOY','Amoingon, Boac, Marinduque',NULL,NULL,NULL,NULL,NULL,NULL,NULL,'BOAC','MARINDUQUE',NULL,NULL,NULL,NULL,NULL,NULL,NULL,NULL,NULL,NULL,NULL,NULL,NULL,NULL,NULL,NULL,NULL,NULL,NULL,NULL,NULL,NULL,NULL,NULL,NULL,NULL,NULL,NULL,NULL,NULL,NULL,NULL,NULL,NULL,NULL,NULL,NULL,'for_approval',0,3,NULL,NULL,NULL,'C:\\Users\\admin\\Videos\\FAAS SYSTEM\\backend\\python\\generated\\FAAS\\FAAS_TEST-ARF-NO_562221_BLESSIOUS_JOSEPH_LANDOY_20260219_105747.xlsx','C:\\Users\\admin\\Videos\\FAAS SYSTEM\\backend\\python\\generated\\FAAS\\generated-pdf\\FAAS_TEST-ARF-NO_562221_BLESSIOUS_JOSEPH_LANDOY_20260219_105747.pdf','C:\\Users\\admin\\Videos\\FAAS SYSTEM\\backend\\python\\generated\\UNIRRIG\\generated-pdf\\UNIRRIG_TEST-ARF-NO_562221_BLESSIOUS_JOSEPH_LANDOY_20260219_105747.pdf','2026-02-19 02:57:15','2026-02-19 02:57:51','C:\\Users\\admin\\Videos\\FAAS SYSTEM\\backend\\python\\generated\\UNIRRIG\\UNIRRIG_TEST-ARF-NO_562221_BLESSIOUS_JOSEPH_LANDOY_20260219_105747.xlsx','[{\"area\": \"\", \"sub_class\": \"\", \"market_value\": \"\", \"classification\": \"\", \"unit_value_land\": \"\"}, {\"area\": \"\", \"sub_class\": \"\", \"market_value\": \"\", \"classification\": \"\", \"unit_value_land\": \"\"}, {\"area\": \"\", \"sub_class\": \"\", \"market_value\": \"\", \"classification\": \"\", \"unit_value_land\": \"\"}, {\"area\": \"\", \"sub_class\": \"\", \"market_value\": \"\", \"classification\": \"\", \"unit_value_land\": \"\"}]','[{\"product_class\": \"\", \"improvement_qty\": \"\", \"unit_value_improvement\": \"\", \"market_value_improvement\": \"\"}, {\"product_class\": \"\", \"improvement_qty\": \"\", \"unit_value_improvement\": \"\", \"market_value_improvement\": \"\"}, {\"product_class\": \"\", \"improvement_qty\": \"\", \"unit_value_improvement\": \"\", \"market_value_improvement\": \"\"}, {\"product_class\": \"\", \"improvement_qty\": \"\", \"unit_value_improvement\": \"\", \"market_value_improvement\": \"\"}]','[{\"adj_factor\": \"\", \"market_value\": \"\", \"value_adjustment\": \"\", \"percent_adjustment\": \"\", \"adjusted_market_value\": \"\"}, {\"adj_factor\": \"\", \"market_value\": \"\", \"value_adjustment\": \"\", \"percent_adjustment\": \"\", \"adjusted_market_value\": \"\"}, {\"adj_factor\": \"\", \"market_value\": \"\", \"value_adjustment\": \"\", \"percent_adjustment\": \"\", \"adjusted_market_value\": \"\"}, {\"adj_factor\": \"\", \"market_value\": \"\", \"value_adjustment\": \"\", \"percent_adjustment\": \"\", \"adjusted_market_value\": \"\"}]','[{\"kind\": \"\", \"actual_use\": \"\", \"assessment_level\": \"\", \"market_value_detail\": \"\", \"assessed_value_detail\": \"\"}, {\"kind\": \"\", \"actual_use\": \"\", \"assessment_level\": \"\", \"market_value_detail\": \"\", \"assessed_value_detail\": \"\"}, {\"kind\": \"\", \"actual_use\": \"\", \"assessment_level\": \"\", \"market_value_detail\": \"\", \"assessed_value_detail\": \"\"}, {\"kind\": \"\", \"actual_use\": \"\", \"assessment_level\": \"\", \"market_value_detail\": \"\", \"assessed_value_detail\": \"\"}]',NULL,NULL,NULL),(172,NULL,'030-01-008-10-030','OCT_CARP2015000191',NULL,'CELSO H. MACAYAON','BALIMBING, BOAC, MARINDUQUE',NULL,NULL,NULL,NULL,NULL,NULL,'BALIMBING','BOAC','MARINDUQUE','NORTH 1234','SOUTH 1234','EAST 1234','WEST 1234','COCONUT LAND','1',0.11,NULL,'COCO BRG.-1',40,NULL,NULL,NULL,NULL,NULL,NULL,NULL,NULL,NULL,NULL,NULL,NULL,NULL,NULL,NULL,NULL,NULL,NULL,'2027',NULL,NULL,'01-05642','G. CELSO HERNANDEZ & GNG. ANITA MACAYON',3666.92,6681.60,NULL,NULL,'approved',0,3,2,'2026-02-19 03:47:46',NULL,'C:\\Users\\admin\\Videos\\FAAS SYSTEM\\backend\\python\\generated\\FAAS\\FAAS_Unknown_CELSO_H_MACAYAON_20260219_110630.xlsx','C:\\Users\\admin\\Videos\\FAAS SYSTEM\\backend\\python\\generated\\FAAS\\generated-pdf\\FAAS_Unknown_CELSO_H_MACAYAON_20260219_110630.pdf','C:\\Users\\admin\\Videos\\FAAS SYSTEM\\backend\\python\\generated\\UNIRRIG\\generated-pdf\\UNIRRIG_Unknown_CELSO_H_MACAYAON_20260219_110630.pdf','2026-02-19 03:06:30','2026-02-19 03:47:46','C:\\Users\\admin\\Videos\\FAAS SYSTEM\\backend\\python\\generated\\UNIRRIG\\UNIRRIG_Unknown_CELSO_H_MACAYAON_20260219_110630.xlsx','[{\"area\": \".1122\", \"sub_class\": \"1\", \"market_value\": \"\", \"classification\": \"COCONUT LAND\", \"unit_value_land\": \"\"}, {\"area\": \"200\", \"sub_class\": \"R-1\", \"market_value\": \"\", \"classification\": \"RESIDENTIAL\", \"unit_value_land\": \"\"}, {\"area\": \".2000\", \"sub_class\": \"1\", \"market_value\": \"\", \"classification\": \"RICE LAND W/ IRRIGATION\", \"unit_value_land\": \"\"}, {\"area\": \"\", \"sub_class\": \"\", \"market_value\": \"\", \"classification\": \"\", \"unit_value_land\": \"\"}]','[{\"product_class\": \"COCO BRG.-1\", \"improvement_qty\": \"40\", \"unit_value_improvement\": \"\", \"market_value_improvement\": \"\"}, {\"product_class\": \"\", \"improvement_qty\": \"\", \"unit_value_improvement\": \"\", \"market_value_improvement\": \"\"}, {\"product_class\": \"\", \"improvement_qty\": \"\", \"unit_value_improvement\": \"\", \"market_value_improvement\": \"\"}, {\"product_class\": \"\", \"improvement_qty\": \"\", \"unit_value_improvement\": \"\", \"market_value_improvement\": \"\"}]','[{\"adj_factor\": \"-9,0,4\", \"market_value\": \"\", \"value_adjustment\": \"\", \"percent_adjustment\": \"87\", \"adjusted_market_value\": \"\"}, {\"adj_factor\": \"-9,0,4\", \"market_value\": \"\", \"value_adjustment\": \"\", \"percent_adjustment\": \"87\", \"adjusted_market_value\": \"\"}, {\"adj_factor\": \"-9,0,4\", \"market_value\": \"\", \"value_adjustment\": \"\", \"percent_adjustment\": \"87\", \"adjusted_market_value\": \"\"}, {\"adj_factor\": \"-9,0,4\", \"market_value\": \"\", \"value_adjustment\": \"\", \"percent_adjustment\": \"87\", \"adjusted_market_value\": \"\"}]','[{\"kind\": \"LAND\", \"actual_use\": \"AGRICULTURAL\", \"assessment_level\": \"40\", \"market_value_detail\": \"\", \"assessed_value_detail\": \"\"}, {\"kind\": \"LAND\", \"actual_use\": \"RESIDENTIAL\", \"assessment_level\": \"20\", \"market_value_detail\": \"\", \"assessed_value_detail\": \"\"}, {\"kind\": \"LAND\", \"actual_use\": \"AGRICULTURAL\", \"assessment_level\": \"40\", \"market_value_detail\": \"\", \"assessed_value_detail\": \"\"}, {\"kind\": \"IMPROVEMENTS\", \"actual_use\": \"AGRICULTURAL\", \"assessment_level\": \"40\", \"market_value_detail\": \"\", \"assessed_value_detail\": \"\"}]','MEMORANDA:','DP','Reassessment due to correction of area based on title.'),(173,'TEST-ARF-NO. 11','030-01-008-10-0302','OCT_CARP20150001913',NULL,'CELSO H. MACAYAONh','MARINDUQUE',NULL,NULL,NULL,NULL,NULL,NULL,NULL,'BOAC','MARINDUQUE',NULL,NULL,NULL,NULL,NULL,NULL,NULL,NULL,NULL,NULL,NULL,NULL,NULL,NULL,NULL,NULL,NULL,NULL,NULL,NULL,NULL,NULL,NULL,NULL,NULL,NULL,NULL,NULL,NULL,NULL,NULL,NULL,NULL,NULL,NULL,NULL,NULL,'for_approval',0,4,NULL,NULL,NULL,'C:\\Users\\admin\\Videos\\FAAS SYSTEM\\backend\\python\\generated\\FAAS\\FAAS_TEST-ARF-NO_11_CELSO_H_MACAYAONh_20260219_145638.xlsx','C:\\Users\\admin\\Videos\\FAAS SYSTEM\\backend\\python\\generated\\FAAS\\generated-pdf\\FAAS_TEST-ARF-NO_11_CELSO_H_MACAYAONh_20260219_145638.pdf','C:\\Users\\admin\\Videos\\FAAS SYSTEM\\backend\\python\\generated\\UNIRRIG\\generated-pdf\\UNIRRIG_TEST-ARF-NO_11_CELSO_H_MACAYAONh_20260219_145638.pdf','2026-02-19 06:56:35','2026-02-19 06:56:47','C:\\Users\\admin\\Videos\\FAAS SYSTEM\\backend\\python\\generated\\UNIRRIG\\UNIRRIG_TEST-ARF-NO_11_CELSO_H_MACAYAONh_20260219_145638.xlsx','[{\"area\": \"\", \"sub_class\": \"\", \"market_value\": \"\", \"classification\": \"\", \"unit_value_land\": \"\"}, {\"area\": \"\", \"sub_class\": \"\", \"market_value\": \"\", \"classification\": \"\", \"unit_value_land\": \"\"}, {\"area\": \"\", \"sub_class\": \"\", \"market_value\": \"\", \"classification\": \"\", \"unit_value_land\": \"\"}, {\"area\": \"\", \"sub_class\": \"\", \"market_value\": \"\", \"classification\": \"\", \"unit_value_land\": \"\"}]','[{\"product_class\": \"\", \"improvement_qty\": \"\", \"unit_value_improvement\": \"\", \"market_value_improvement\": \"\"}, {\"product_class\": \"\", \"improvement_qty\": \"\", \"unit_value_improvement\": \"\", \"market_value_improvement\": \"\"}, {\"product_class\": \"\", \"improvement_qty\": \"\", \"unit_value_improvement\": \"\", \"market_value_improvement\": \"\"}, {\"product_class\": \"\", \"improvement_qty\": \"\", \"unit_value_improvement\": \"\", \"market_value_improvement\": \"\"}]','[{\"adj_factor\": \"\", \"market_value\": \"\", \"value_adjustment\": \"\", \"percent_adjustment\": \"\", \"adjusted_market_value\": \"\"}, {\"adj_factor\": \"\", \"market_value\": \"\", \"value_adjustment\": \"\", \"percent_adjustment\": \"\", \"adjusted_market_value\": \"\"}, {\"adj_factor\": \"\", \"market_value\": \"\", \"value_adjustment\": \"\", \"percent_adjustment\": \"\", \"adjusted_market_value\": \"\"}, {\"adj_factor\": \"\", \"market_value\": \"\", \"value_adjustment\": \"\", \"percent_adjustment\": \"\", \"adjusted_market_value\": \"\"}]','[{\"kind\": \"\", \"actual_use\": \"\", \"assessment_level\": \"\", \"market_value_detail\": \"\", \"assessed_value_detail\": \"\"}, {\"kind\": \"\", \"actual_use\": \"\", \"assessment_level\": \"\", \"market_value_detail\": \"\", \"assessed_value_detail\": \"\"}, {\"kind\": \"\", \"actual_use\": \"\", \"assessment_level\": \"\", \"market_value_detail\": \"\", \"assessed_value_detail\": \"\"}, {\"kind\": \"\", \"actual_use\": \"\", \"assessment_level\": \"\", \"market_value_detail\": \"\", \"assessed_value_detail\": \"\"}]','MEMORANDA:',NULL,NULL),(176,'TEST-ARF-NO. 1185','1231252343622123','OCT_CARP2015000191953','64154','CELSO H. MACAYAONh','AMOINGON',NULL,NULL,NULL,NULL,NULL,NULL,NULL,'BOAC','MARINDUQUE',NULL,NULL,NULL,NULL,NULL,NULL,NULL,NULL,NULL,NULL,NULL,NULL,NULL,NULL,NULL,NULL,NULL,NULL,NULL,NULL,NULL,NULL,NULL,NULL,NULL,NULL,NULL,NULL,NULL,NULL,NULL,NULL,NULL,NULL,NULL,NULL,NULL,'draft',0,1,NULL,NULL,NULL,NULL,NULL,NULL,'2026-02-19 06:57:55','2026-02-19 07:05:18',NULL,'[{\"area\": \"\", \"sub_class\": \"\", \"market_value\": \"\", \"classification\": \"\", \"unit_value_land\": \"\"}, {\"area\": \"\", \"sub_class\": \"\", \"market_value\": \"\", \"classification\": \"\", \"unit_value_land\": \"\"}, {\"area\": \"\", \"sub_class\": \"\", \"market_value\": \"\", \"classification\": \"\", \"unit_value_land\": \"\"}, {\"area\": \"\", \"sub_class\": \"\", \"market_value\": \"\", \"classification\": \"\", \"unit_value_land\": \"\"}]','[{\"product_class\": \"\", \"improvement_qty\": \"\", \"unit_value_improvement\": \"\", \"market_value_improvement\": \"\"}, {\"product_class\": \"\", \"improvement_qty\": \"\", \"unit_value_improvement\": \"\", \"market_value_improvement\": \"\"}, {\"product_class\": \"\", \"improvement_qty\": \"\", \"unit_value_improvement\": \"\", \"market_value_improvement\": \"\"}, {\"product_class\": \"\", \"improvement_qty\": \"\", \"unit_value_improvement\": \"\", \"market_value_improvement\": \"\"}]','[{\"adj_factor\": \"\", \"market_value\": \"\", \"value_adjustment\": \"\", \"percent_adjustment\": \"\", \"adjusted_market_value\": \"\"}, {\"adj_factor\": \"\", \"market_value\": \"\", \"value_adjustment\": \"\", \"percent_adjustment\": \"\", \"adjusted_market_value\": \"\"}, {\"adj_factor\": \"\", \"market_value\": \"\", \"value_adjustment\": \"\", \"percent_adjustment\": \"\", \"adjusted_market_value\": \"\"}, {\"adj_factor\": \"\", \"market_value\": \"\", \"value_adjustment\": \"\", \"percent_adjustment\": \"\", \"adjusted_market_value\": \"\"}]','[{\"kind\": \"\", \"actual_use\": \"\", \"assessment_level\": \"\", \"market_value_detail\": \"\", \"assessed_value_detail\": \"\"}, {\"kind\": \"\", \"actual_use\": \"\", \"assessment_level\": \"\", \"market_value_detail\": \"\", \"assessed_value_detail\": \"\"}, {\"kind\": \"\", \"actual_use\": \"\", \"assessment_level\": \"\", \"market_value_detail\": \"\", \"assessed_value_detail\": \"\"}, {\"kind\": \"\", \"actual_use\": \"\", \"assessment_level\": \"\", \"market_value_detail\": \"\", \"assessed_value_detail\": \"\"}]',NULL,NULL,NULL);
/*!40000 ALTER TABLE `faas_records` ENABLE KEYS */;
UNLOCK TABLES;

--
-- Table structure for table `unirrig_records`
--

DROP TABLE IF EXISTS `unirrig_records`;
/*!40101 SET @saved_cs_client     = @@character_set_client */;
/*!50503 SET character_set_client = utf8mb4 */;
CREATE TABLE `unirrig_records` (
  `id` int NOT NULL AUTO_INCREMENT,
  `faas_id` int NOT NULL,
  `arf_no` varchar(50) DEFAULT NULL,
  `pin` varchar(50) DEFAULT NULL,
  `owner_name` varchar(255) DEFAULT NULL,
  `property_location` text,
  `reviewed_by` int DEFAULT NULL,
  `review_notes` text,
  `review_date` timestamp NULL DEFAULT NULL,
  PRIMARY KEY (`id`),
  UNIQUE KEY `faas_id` (`faas_id`),
  KEY `reviewed_by` (`reviewed_by`),
  CONSTRAINT `unirrig_records_ibfk_1` FOREIGN KEY (`faas_id`) REFERENCES `faas_records` (`id`),
  CONSTRAINT `unirrig_records_ibfk_2` FOREIGN KEY (`reviewed_by`) REFERENCES `users` (`id`)
) ENGINE=InnoDB DEFAULT CHARSET=utf8mb4 COLLATE=utf8mb4_0900_ai_ci;
/*!40101 SET character_set_client = @saved_cs_client */;

--
-- Dumping data for table `unirrig_records`
--

LOCK TABLES `unirrig_records` WRITE;
/*!40000 ALTER TABLE `unirrig_records` DISABLE KEYS */;
/*!40000 ALTER TABLE `unirrig_records` ENABLE KEYS */;
UNLOCK TABLES;

--
-- Table structure for table `users`
--

DROP TABLE IF EXISTS `users`;
/*!40101 SET @saved_cs_client     = @@character_set_client */;
/*!50503 SET character_set_client = utf8mb4 */;
CREATE TABLE `users` (
  `id` int NOT NULL AUTO_INCREMENT,
  `username` varchar(50) NOT NULL,
  `password` varchar(255) NOT NULL,
  `role` enum('encoder','approver','administrator') NOT NULL,
  `full_name` varchar(100) NOT NULL,
  `profile_picture` varchar(255) DEFAULT NULL,
  `profile_picture_updated_at` timestamp NULL DEFAULT NULL,
  `created_at` timestamp NULL DEFAULT CURRENT_TIMESTAMP,
  PRIMARY KEY (`id`)
) ENGINE=InnoDB AUTO_INCREMENT=6 DEFAULT CHARSET=utf8mb4 COLLATE=utf8mb4_0900_ai_ci;
/*!40101 SET character_set_client = @saved_cs_client */;

--
-- Dumping data for table `users`
--

LOCK TABLES `users` WRITE;
/*!40000 ALTER TABLE `users` DISABLE KEYS */;
INSERT INTO `users` VALUES (1,'encoder1','encoder123','encoder','Encoder #1 Ako','/uploads/profile-1771484134092-181982630.jpg',NULL,'2026-01-24 09:59:05'),(2,'approver1','approver123','approver','Maria Santos','/uploads/profile-1771483452799-41125323.png',NULL,'2026-01-24 09:59:05'),(3,'admin','admin','administrator','BLESSIOUS JOSEPH LANDOY','/uploads/profile-1771484894059-586340444.jpg',NULL,'2026-01-29 00:46:49'),(4,'encoder2','encoder123','encoder','Encoder #2 Ako','/uploads/profile-1771484171903-198652931.png',NULL,'2026-02-09 03:40:41'),(5,'encoder3','encoder123','encoder','Rose',NULL,NULL,'2026-02-09 03:40:53');
/*!40000 ALTER TABLE `users` ENABLE KEYS */;
UNLOCK TABLES;
/*!40103 SET TIME_ZONE=@OLD_TIME_ZONE */;

/*!40101 SET SQL_MODE=@OLD_SQL_MODE */;
/*!40014 SET FOREIGN_KEY_CHECKS=@OLD_FOREIGN_KEY_CHECKS */;
/*!40014 SET UNIQUE_CHECKS=@OLD_UNIQUE_CHECKS */;
/*!40101 SET CHARACTER_SET_CLIENT=@OLD_CHARACTER_SET_CLIENT */;
/*!40101 SET CHARACTER_SET_RESULTS=@OLD_CHARACTER_SET_RESULTS */;
/*!40101 SET COLLATION_CONNECTION=@OLD_COLLATION_CONNECTION */;
/*!40111 SET SQL_NOTES=@OLD_SQL_NOTES */;

-- Dump completed on 2026-02-19 15:50:10
